crimedesc,frequency
10851(A)VC TAKE VEH W/O OWNER,652
476 PC PASS FICTICIOUS CHECK,21
459 PC  BURGLARY-UNSPECIFIED,12
487(A) GRAND THEFT-INSIDE,41
TRAFFIC - I RPT,20
503 PC   EMBEZZLEMENT,4
484 PETTY THEFT/LICENSE PLATE,119
TOWED/STORED VEH-14602.6,463
TRAFFIC-ACCIDENT INJURY,182
243(D) PC BATT/CIVILIAN W/INJ,26
11351.5 HS POSS SALE RCK COCAI,8
475(C) PASS FORGED NOTE,20
11377(A)HS POSS AMPHETAMINES,58
484 PETTY THEFT CLOUT UNLOCKED,20
10851 VC AUTO THEFT LOCATE,223
BURGLARY - I RPT,21
11364 HS POSS DRUG PARAPH,99
484 PETTY THEFT-SHOPLIFT,86
487(D)GRAND THEFT FIREARM/ANIM,8
647(A) PC LEWD CONDUCT,1
422 PC THREAT/INTENT TO TERROR,18
245(A)(1)AWDW/NO FIREARM/CIVIL,76
529 PC FALSE PERSONATION,23
PETTY THEFT - I RPT,8
12420 PC SELL/TRANSP TEAR GAS,1
187(A)  HOMICIDE,1
WARRANT SERVED - I RPT,14
10855 VC LSE/RENT NOT RETURNED,3
JUVENILE PROBLEMS - I RPT,8
211 PC ROBBERY-PURSE SNATCH,20
11352(A)HS SALE/TRANS CNTL SUB,15
240 PC ASSAULT/SIMPLE-CIVILIAN,3
2800.2(A) VC EVADING/RECKLESS,5
647(F) PC PUB INTOX-DETOX ONLY,3
1203.2 PC VIOLATION OF PROBATI,12
647(F) PC DIP - DISORDERLY,25
FRAUD OR BUNCO - I RPT,19
SUSPICIOUS VEHICLE - I RPT,6
475(A)PC POSS FORGED CHK/NOTE,13
11359 HS POSS FOR SALE MARIJ,8
532 PC FRAUD OBTAIN MONEY ETC,4
12500(A) VC UNLIC DRIVER,2
ABC LICENSE VIO/INFO - I RPT,4
148.1(A)PC FALSE REPT OF BOMB,2
417(A)2) PC BRANDISH FIREARM,5
290(G)(1) FAIL TO REG SEX OFFE,1
CHILD CUSTODY - I RPT,10
12303.3 PC DEST DVC INTENT INJ,1
12403.7(G) PC ILLGL POSS TRGAS,1
451(D) PC  ARSON OF PROPERTY,10
484 PC   THEFT-LIC PLATE TABS,6
290(A)(1)(A) FAIL REG-CHG ADD,1
487(D) PC GRAND THEFT AUTO,1
12.72.060I ADULT LOITER PLYGRD,1
415(1) PC DISTURB PEACE/FIGHT,9
466 PC   POSS OF BURG TOOLS,6
537(A)(1) DEFRAUD INKEEP/-$400,3
243.2(A)(1) BATT/SCHOOL INJURY,14
368(D) THEFT-ELDER >400,3
TRAFFIC OFFENSE,3
415(3) PC DIST PEACE OFF WORDS,2
LOST PROPERTY-MATRICULA I RPT,1
243(B) PC  BATTERY - OFFICER,1
417.4 PC BRANDISH IMIT FIREARM,1
12303.3 PC FIRE BOMB INT INJ,1
FALSE PERSONATION - I RPT,1
587C PC EVADE PAYMENT RAILFARE,1
308(B) PC MINOR POSS TOBACCO,6
23110(B) VC THROW AT VEH W/INT,1
212.5(B) ROB-VICINITY OF ATM,1
10.48.150 E FALSIFY PKG PERMIT,1
374.4(A) LITTERING,2
4463(A)(1) VC ALTER REG,2
11378 HS POSS CNTRL SUB/SALE,1
243(C)2 PC BATT/PO WITH INJURY,1
FORGERY-PASSING COUNTERFEIT,1
603  FORCED ENTRY/PROP DAMAGE,2
25662(A)BP POSS ALC BY MINOR,1
32210 EC WILFL DISTURB PUB SCH,1
136.1(C)(1) PC DISSUADE V/W,1
368(C) CAUSE PAIN/INJ TO ELDER,1
530.5 PC USE PERSONAL ID INFO,65
459 PC  BURGLARY VEHICLE,462
1708 US   THEFT OF MAIL,20
SUSP PERS-NO CRIME - I RPT,44
484J PC PUBLISH CARD INFO,21
484 PC PETTY THEFT,82
SHOOT INTO OCCUP DWELL - I RPT,2
243(E)1 BATTERY NONCOHAB SPOUS,81
DUI I RPT,1
211 PC  ROBBERY UNSPECIFIED,99
245(A)(2) AWDW/FIREARM/CIVILIA,22
TOWED/STORED VEHICLE,434
506 PC EMBEZZLEMENT/CONTRACTOR,1
MISSING PERSON I RPT,24
O/S AGENCY -ASSISTANCE- I RPT,13
23153(A) VC DUI CAUSE INJURY,15
496(A) RECEIVE STOLEN PROPERTY,24
290(A)(1)(D) FAIL TO REG-5 DAY,8
215(A) PC    CARJACKING,18
9.04.050 A DRINKING IN PUBLIC,9
484 PC-PETTY THEFT-COIN MACHIN,7
417(A)1) PC BRANDISH NON-GUN,8
12022.1 PC COMMIT FEL ON BAIL,3
POSSIBLE FINANCIAL CRIME-I RPT,14
MISSING PERSON LOCATE O/S ASSI,13
4140 BP  POSS OF HYPO NEEDLE,16
11377(A)HS POSS CNTRL SUBST,2
11352(B)HS TRANS SUBST TO CNTY,1
11358 HS CULTIVATE MARIJUANA,1
508 PC   EMBEZZLEMENT/EMPLOYEE,3
487(C) PC  GRAND THEFT-PERSON,4
TERRORIST THREATS - I RPT,3
JUVENILE DISURBANCE - I RPT,7
247(B) PC SHOOT UNOCC BLDG/VEH,5
JUVENILE OFFENDER-PROBATION,1
243(C)(1)BATT EMERG PERSON-INJ,1
FOUND EVIDENCE-NON NARC -I RPT,4
11350(B)HS POSSESS QUAALUDES,9
849(B)(1) CERTIFICATE OF RELEA,4
CAR CLOUT -  I RPT,2
12025(A)1)CONCLD GUN VEH/FEL,1
4574(A)WEAPON/TEAR GAS IN JAIL,1
11357(E) MNR POSS MARIJ SCHOOL,3
278.5(A)DEPRIVE RIGHT OF CUSTO,1
32 PC ACCESSORY TO A CRIME,1
GRAFFITI PROBLEMS- I RPT,5
1705 US DESTRUCT OF MAIL RECEP,2
836.6(B) PC ESCAPE FROM ARREST,1
10852 VC VEHICLE TAMPERING,3
241(B) ASSAULT ON POLICE OFFIC,1
11366 HS MAINTN PLACE TO SELL,1
ABANDONED VEHICLE - I RPT,1
9.04.050C POSS OPEN CONTAINER,1
5.136.050 NO TAXICAB PERMIT,1
368(E) THEFT OF ELDER <$400,2
COLLISION/ACCIDENT BOATS,1
BAIT CAR 10851 VC TAKE VEHICLE,1
601(A) WI JUVENILE INCORRIGIBL,2
452(D)PC CAUSE FIRE OF PROPERT,1
10853 VC MALIC MISCHIEF TO VEH,2
498(B)(5) THEFT OF ELECTRICITY,1
602.5 PC ENTRY OF PROPERTY,1
TRAFFIC ARREST FOR DA-I RPT,1
WANTED SUBJ-O/S WANT/ I RPT,2
12671 HS SALE/POSS ILLGL FRWRK,1
243(B) BATTERY DR/NURSE/EMERG,1
484 PC   PETTY THEFT/INSIDE,99
484G(B) PC ACCESS CARD FRAUD,66
484 PC  PETTY THEFT/ OUTSIDE,48
653M(A) PC OBSCENE/THREAT CALL,17
FOUND PROPERTY - I RPT,81
THREATS - I RPT,71
CASUALTY REPORT,116
23152(A) VC DUI-ALCOHOL/DRUGS,84
246.3 PC NEGL DISCH FIREARM,2
TRAFFIC-ACCIDENT-NON INJURY,175
IMPOUNDED VEHICLE,10
653M(B) PC ANNOY/RPT CALL HOME,12
242 PC  BATTERY CIVILIAN,89
MISSING PERSON,268
NON INJ HR/MAIL OUT REPORT,90
1551(A) FUGITIVE FROM JUSTICE,13
VANDALISM - I RPT,24
484 PC  PETTY THEFT AUTO PART,4
11357(B)HS POSS -28.5GR MARIJ,51
11350(A)HS POSS CNTRL SUBST,43
602(K)TRESPASS:INJURE PROPERTY,4
314.1 PC   INDECENT EXPOSURE,2
148.9 PC FALSE ID TO OFFICER,13
PROTECTIVE CUSTODY-I RPT,9
CHILD WELFARE - I RPT,16
487(A) GRAND THEFT-CLOUT-UNLOC,11
9.04.070 URINATE/DEFECATE PUB,1
290(F)1 W/I 5 DAYS ADD CHANGE,8
NARCOTICS SUSP/EVID/ACT- I RPT,41
602(N)TRESP DRIVE ON PRIVATE P,1
25661 BP FALSE EVIDENCE OF AGE,2
12020(A)1) PROHIBITED FIREARM,10
9.40.020(A) JUVENILE CURFEW,3
273.6(A) PC VIO DV COURT ORDER,25
11550(A)HS UNDER INFL NARCOTIC,4
148(A)(1)PC RESIST PEACE OFFCR,10
GRAND THEFT - I RPT,6
594(B)(2)(A)VANDALISM GRAF-400,22
211 PC  ROBBERY-BANK,1
14601.1(A) VC LIC SUSP OTHER,6
POSSIBLE STOLEN PROPERTY-I RPT,5
11360(A)HS SALE/TRANSP MARIJ,1
11379(A)HS SALE/TRAN CNTRL SUB,1
11357(C)HS POSS +28.5GR MARIJ,2
INTOX REPORT/ADMIN PER - I RPT,1
22435.2(A) BP POSS SHOP CART,7
NEIGHBORHOOD DISTURBANCE-I RPT,15
FRAUD-SWINDLE,2
FILE-UNABLE TO DEFINE - I RPT,1
602(L)(1)TRESPASS REFUSE TO LV,3
487(A) GRAND THEFT-COIN MACHIN,4
484E(D)PC FRAUD POSS CARD INFO,2
12031(A)(1)PC LOADED GUN/PUB-M,1
12025(B)6 UNREG/CONCLED FIREAR,1
23222(B)POSSESS MARIJ IN VEH,11
470 PC FORGERY,1
HAZARDOUS SITUATION - I RPT,2
485 PC PT OF FOUND PROPERTY,1
374.3(A) PC ILLEGAL DUMPING,1
12022(A)(1)PC ARMED COMM FEL,1
12025(A)2)CONCL GUN ON PER/MSD,1
243.3 BATT TRANS PERS/PASS/INJ,1
VICE/GAMBLING ACT - I RPT,1
13.10.200 SCC DUMP PUB PLACES,1
496(A) PC REC STOLEN AUTO PART,1
14601(A) VC LIC SUSP NEGLIGENT,1
12316(B)(1)FELON POSSESS AMMO,2
148.4(A)PC TAMPER FIRE PROT EQ,1
21200.5 VC BICYCLE DUI,1
9.44.220 SCC ANIMAL AT LARGE,1
538D PC IMPERSON PEACE OFFICER,1
484 PETTY THEFT-PURSE SNATCH,2
245(C) AWDW/NO FIREARM/OFFICER,1
626.2 PC UNAUTH ENTRY CAMPUS,1
459 PC  BURGLARY RESIDENCE,356
459 PC  BURGLARY BUSINESS,135
ASSAULT WITH WEAPON - I RPT,16
487(A) PC GRAND THEFT,84
TELEPEST -I RPT,17
594(B)(1)PC  VANDALISM +$400,117
HARASSMENT - I RPT,36
LOST PROPERTY - I RPT,57
484G(A)PC USE FORGED CARD,6
530 PC FALSE PERS. REC PROP,5
246 PC SHOOT OCCUP DWELL/VEH,17
MISCELLANEOUS I RPT (ZMISC),71
211 PC ROBBERY- BUSINESS,38
594(B)(2)(A) VANDALISM/ -$400,195
20002(A) HIT/RUN,103
5150 WI DANGER SELF/OTHERS,106
PERSON INFORMATION - I RPT,16
GANG ACTIVITY - I RPT,65
20001(A) VC HIT/RUN INJ/DEATH,30
197 JUSTIFIABLE HOMI-CIVILIAN,1
12020(A)(4) PC DIRK/DAGGER,7
ROBBERY - I RPT,12
POSS STOLEN VEHICLE- I RPT,5
487(A) GRAND THEFT-AUTO PARTS,8
594(B)(1)VANDALISM GRAF +$400,9
BATTERY - I RPT,35
FAMILY DISTURBANCE - I RPT,13
ACCIDENTAL FIRES/ARSON -I RPT,20
BUSINESS PERMITS - I RPT,4
FORGERY-COUNTERFEITING,1
POSSIBLE MENTAL - I RPT,5
3056 PAROLE VIO - I RPT,27
BOMBS/THREATS/EXPLOSIV- I RPT,4
23103(A) RECKLESS ON HIGHWAY,8
666 PC PETTY THEFT W/PRI CONV,30
3056 PC PAROLE VIOLATION,5
12025(A)2)CNCLD GUN ON PER/FEL,2
11532(A)HS LOITER DRG ACTIVITY,5
SAFEKEEPING - I RPT,14
647(B) PC   PROSTITUTION,39
166(A)(4) WILFUL DISOBEY CT OR,10
487(A) PC GRAND THEFT-SHOPLIFT,6
11378 HS POSS/SALE AMPHETAMINE,10
RECOVERED PROPERTY - I RPT,5
23220 VC DRINKING WHILE DRVING,1
PROB VIOLA/FEL-MISD - I RPT,7
HIT AND RUN /SUSPECTS- I RPT,7
DAMAGE - I RPT,1
484E(A)PC THEFT OF CREDIT CARD,2
653.22(A) LOITER PROSTITUTION,12
602.1(A)TRES OBST BUSIN OPERAT,1
12021(A)(1)PC FELON POSS FRARM,8
243.4(E)(1)TOUCH FOR SEX PLEAS,2
451(B) PC ARSON OF INHAB STRUC,3
212.5(A)ROBBERY-INHAB DWELLING,8
368(B)(1) CRUELTY/ELDER/ W/INJ,1
ELDER ABUSE/PHYS/MENTAL-I RPT,7
647(I) PEEPING TOM-INHAB DWELL,1
HOMICIDE ASSAULT - I RPT,1
TRESPASS OR PROWLER- I RPT,6
664/187(A) ATTEMPTED HOMICIDE,1
243.6 BATTERY SCHOOL EMPLOYEE,4
415.5(A)(1) PC FIGHT SCHOOL GR,1
11379(A)HS SELL/TRANSP AMPHET,2
1767.3 WI CYA PAROLE HOLD,1
23152(B) VC DUI BA .08 OR MORE,2
25632 BP CONSM ALC AFT CLOSING,1
23550.5 VC 4+DUI IN 10 YEARS,1
12.52.030 SCC UNLAWFUL CAMPING,7
4462.5 VC FALSE TAB/AVOID REG,3
RPT # CANCELLED- I RPT,2
653K PC POSS/SELL SWITCHBLADE,3
626.10(A) PC POSS WPN SCHL ZN,4
594.3(A)VANDAL/PLACE OF WORSHI,4
FRAUDULENT DOCUMENTS- I RPT,3
12101(B)1)PC MINOR POSS AMMO,1
192(C)(2)VEH MAN W/O GROSS NEG,2
31 VC FALSE INFO TO OFFICER,1
243.4(A) SEXUAL BATTERY,2
203 PC    MAYHEM,1
11351 HS POSS/SALE OPIATE/NARC,1
99170 PUBLIC UTILITIES CODE,1
11361(B)HS ADLT FURN MNR MARIJ,1
